ranking_date,ranking,player_id,ranking_points,tours
19850101,1,200293,,
19850101,2,200259,,
19850101,3,200348,,
19850101,4,200360,,
19850101,5,200209,,
19850101,6,200401,,
19850101,7,200377,,
19850101,8,200354,,
19850101,9,200404,,
19850101,10,200389,,
19850101,11,200423,,
19850101,12,200375,,
19850101,13,200373,,
19850101,14,200442,,
19850101,15,200533,,
19850101,16,200465,,
19850101,17,200366,,
19850101,18,200453,,
19850101,19,200408,,
19850101,20,200994,,
19850101,21,200372,,
19850101,22,200414,,
19850101,23,200419,,
19850101,24,200392,,
19850101,25,200991,,
19850101,26,200496,,
19850101,27,200417,,
19850101,28,200421,,
19850101,29,200585,,
19850101,30,200395,,
19850101,31,200384,,
19850101,32,200357,,
19850101,33,200407,,
19850101,34,200630,,
19850101,35,200403,,
19850101,36,200362,,
19850101,37,200340,,
19850101,38,200223,,
19850101,39,200427,,
19850101,40,200464,,
19850101,41,200410,,
19850101,42,200381,,
19850101,43,200346,,
19850101,44,200337,,
19850101,45,200387,,
19850101,46,200451,,
19850101,47,201022,,
19850101,48,201020,,
19850101,49,200725,,
19850101,50,200463,,
19850101,51,200444,,
19850101,53,200959,,
19850101,55,200628,,
19850101,56,200398,,
19850101,58,200359,,
19850101,59,200383,,
19850101,60,200390,,
19850101,61,200237,,
19850101,62,200422,,
19850101,64,200961,,
19850101,66,200433,,
19850101,67,200402,,
19850101,68,200424,,
19850101,69,200405,,
19850101,70,201018,,
19850101,71,200393,,
19850101,73,200452,,
19850101,74,200572,,
19850101,75,200440,,
19850101,76,200425,,
19850101,77,200333,,
19850101,78,200448,,
19850101,81,200503,,
19850101,82,200437,,
19850101,84,201019,,
19850101,87,200371,,
19850101,89,200534,,
19850101,92,200412,,
19850101,93,200455,,
19850101,97,200428,,
19850101,98,201035,,
19850101,102,200396,,
19850101,103,200456,,
19850101,105,200416,,
19850101,107,200331,,
19850101,108,200962,,
19850101,109,200369,,
19850101,115,200415,,
19850101,116,200500,,
19850101,119,201017,,
19850101,120,200548,,
19850101,121,200543,,
19850101,125,200576,,
19850101,128,200443,,
19850101,129,200413,,
19850101,131,200504,,
19850101,138,200450,,
19850101,141,200439,,
19850101,144,200586,,
19850101,153,200591,,
19850101,154,200388,,
19850101,161,200473,,
19850101,162,200575,,
19850101,165,200621,,
19850101,167,200486,,
19850101,168,200650,,
19850101,172,200159,,
19850101,175,200975,,
19850101,182,200549,,
19850101,187,200976,,
19850101,189,200483,,
19850101,201,201040,,
19850101,211,200462,,
19850101,212,200587,,
19850101,213,200497,,
19850101,214,200489,,
19850101,229,201042,,
19850101,230,200493,,
19850101,234,201021,,
19850101,242,200538,,
19850101,248,200441,,
19850101,262,200525,,
19850101,265,203888,,
19850101,273,200481,,
19850101,275,200545,,
19850101,278,200468,,
19850101,282,201043,,
19850101,284,201180,,
19850101,290,200640,,
19850101,292,200705,,
19850101,296,200097,,
19850107,1,200293,,
19850107,2,200259,,
19850107,3,200209,,
19850107,4,200360,,
19850107,5,200348,,
19850107,6,200401,,
19850107,7,200354,,
19850107,8,200377,,
19850107,9,200404,,
19850107,10,200423,,
19850107,12,200389,,
19850107,14,200442,,
19850107,15,200465,,
19850107,17,200453,,
19850107,18,200366,,
19850107,23,200419,,
19850107,24,200414,,
19850107,25,200392,,
19850107,26,200421,,
19850107,28,200417,,
19850107,30,200959,,
19850107,31,200395,,
19850107,32,200357,,
19850107,33,200403,,
19850107,34,200407,,
19850107,35,200630,,
19850107,38,200464,,
19850107,40,200362,,
19850107,49,200725,,
19850107,51,200444,,
19850107,53,200422,,
19850107,55,200390,,
19850107,69,200237,,
19850107,70,200393,,
19850107,72,200572,,
19850107,76,200425,,
19850107,77,200333,,
19850107,79,200448,,
19850107,90,200428,,
19850107,91,200455,,
19850107,97,200221,,
19850107,100,200416,,
19850107,113,200415,,
19850107,117,200548,,
19850107,118,200543,,
19850107,119,200500,,
19850107,127,200576,,
19850107,128,200413,,
19850107,134,200450,,
19850107,137,200439,,
19850107,149,200388,,
19850107,150,200234,,
19850107,151,200504,,
19850107,157,200621,,
19850107,158,200473,,
19850107,162,200266,,
19850107,181,200549,,
19850107,196,200495,,
19850107,200,201040,,
19850107,205,200497,,
19850107,208,201765,,
19850107,210,200613,,
19850107,211,200587,,
19850107,213,200462,,
19850107,233,201021,,
19850107,234,200510,,
19850107,248,200441,,
19850107,270,200097,,
19850107,274,200545,,
19850107,287,200640,,
19850107,308,201179,,
19850114,1,200293,,
19850114,2,200259,,
19850114,3,200209,,
19850114,4,200360,,
19850114,5,200348,,
19850114,6,200401,,
19850114,7,200354,,
19850114,8,200377,,
19850114,9,200404,,
19850114,10,200423,,
19850114,12,200389,,
19850114,14,200442,,
19850114,15,200465,,
19850114,17,200453,,
19850114,18,200366,,
19850114,23,200419,,
19850114,24,200414,,
19850114,25,200392,,
19850114,26,200421,,
19850114,28,200417,,
19850114,30,200959,,
19850114,31,200395,,
19850114,32,200357,,
19850114,33,200403,,
19850114,34,200407,,
19850114,35,200630,,
19850114,38,200464,,
19850114,40,200362,,
19850114,49,200725,,
19850114,51,200444,,
19850114,53,200422,,
19850114,55,200390,,
19850114,69,200237,,
19850114,70,200393,,
19850114,72,200572,,
19850114,76,200425,,
19850114,77,200333,,
19850114,79,200448,,
19850114,90,200428,,
19850114,91,200455,,
19850114,97,200221,,
19850114,100,200416,,
19850114,113,200415,,
19850114,117,200548,,
19850114,118,200543,,
19850114,119,200500,,
19850114,127,200576,,
19850114,128,200413,,
19850114,134,200450,,
19850114,137,200439,,
19850114,149,200388,,
19850114,150,200234,,
19850114,151,200504,,
19850114,157,200621,,
19850114,158,200473,,
19850114,162,200266,,
19850114,181,200549,,
19850114,196,200495,,
19850114,200,201040,,
19850114,205,200497,,
19850114,208,201765,,
19850114,210,200613,,
19850114,211,200587,,
19850114,213,200462,,
19850114,233,201021,,
19850114,234,200510,,
19850114,248,200441,,
19850114,270,200097,,
19850114,274,200545,,
19850114,287,200640,,
19850114,308,201179,,
19850121,1,200293,,
19850121,2,200259,,
19850121,3,200209,,
19850121,4,200401,,
19850121,5,200360,,
19850121,6,200354,,
19850121,7,200377,,
19850121,8,200348,,
19850121,9,200404,,
19850121,10,200389,,
19850121,11,200423,,
19850121,14,200442,,
19850121,16,200453,,
19850121,20,200419,,
19850121,24,200414,,
19850121,25,200421,,
19850121,26,200392,,
19850121,28,200417,,
19850121,30,200959,,
19850121,31,200395,,
19850121,32,200403,,
19850121,34,200407,,
19850121,35,200357,,
19850121,36,200630,,
19850121,40,200362,,
19850121,51,200572,,
19850121,52,200444,,
19850121,53,200422,,
19850121,57,200390,,
19850121,58,200725,,
19850121,73,200237,,
19850121,78,200425,,
19850121,79,200333,,
19850121,80,200448,,
19850121,82,200450,,
19850121,83,200416,,
19850121,89,200428,,
19850121,91,200455,,
19850121,110,200415,,
19850121,117,200548,,
19850121,121,200500,,
19850121,127,200413,,
19850121,134,200621,,
19850121,135,200439,,
19850121,154,200234,,
19850121,155,200504,,
19850121,158,200388,,
19850121,171,200473,,
19850121,195,200495,,
19850121,203,201021,,
19850121,211,201765,,
19850121,212,200587,,
19850121,233,201040,,
19850121,235,200097,,
19850121,237,200510,,
19850121,252,200441,,
19850121,278,200501,,
19850121,287,200705,,
19850121,293,200640,,
19850121,310,201179,,
19850128,1,200293,,
19850128,2,200259,,
19850128,3,200209,,
19850128,4,200401,,
19850128,5,200360,,
19850128,6,200354,,
19850128,7,200377,,
19850128,8,200348,,
19850128,9,200404,,
19850128,10,200389,,
19850128,11,200423,,
19850128,14,200442,,
19850128,16,200453,,
19850128,20,200419,,
19850128,24,200414,,
19850128,25,200421,,
19850128,26,200392,,
19850128,28,200417,,
19850128,30,200959,,
19850128,31,200395,,
19850128,32,200403,,
19850128,34,200407,,
19850128,35,200357,,
19850128,36,200630,,
19850128,40,200362,,
19850128,51,200572,,
19850128,52,200444,,
19850128,53,200422,,
19850128,57,200390,,
19850128,58,200725,,
19850128,73,200237,,
19850128,78,200425,,
19850128,79,200333,,
19850128,80,200448,,
19850128,82,200450,,
19850128,83,200416,,
19850128,89,200428,,
19850128,91,200455,,
19850128,110,200415,,
19850128,117,200548,,
19850128,121,200500,,
19850128,127,200413,,
19850128,134,200621,,
19850128,135,200439,,
19850128,154,200234,,
19850128,155,200504,,
19850128,158,200388,,
19850128,171,200473,,
19850128,195,200495,,
19850128,203,201021,,
19850128,211,201765,,
19850128,212,200587,,
19850128,233,201040,,
19850128,235,200097,,
19850128,237,200510,,
19850128,252,200441,,
19850128,278,200501,,
19850128,287,200705,,
19850128,293,200640,,
19850128,310,201179,,
19850204,1,200293,,
19850204,2,200259,,
19850204,3,200401,,
19850204,4,200360,,
19850204,5,200209,,
19850204,6,200377,,
19850204,7,200404,,
19850204,8,200354,,
19850204,9,200348,,
19850204,10,200423,,
19850204,11,200373,,
19850204,12,200389,,
19850204,13,200453,,
19850204,14,200533,,
19850204,15,200375,,
19850204,16,200442,,
19850204,17,200419,,
19850204,18,200465,,
19850204,19,200366,,
19850204,20,200408,,
19850204,21,200994,,
19850204,22,200372,,
19850204,23,200959,,
19850204,24,200991,,
19850204,25,200414,,
19850204,26,200496,,
19850204,27,200421,,
19850204,28,200392,,
19850204,29,200628,,
19850204,30,200395,,
19850204,31,200407,,
19850204,32,200417,,
19850204,33,200403,,
19850204,34,200585,,
19850204,35,200223,,
19850204,36,200464,,
19850204,37,201022,,
19850204,38,200340,,
19850204,39,200384,,
19850204,40,200357,,
19850204,41,200410,,
19850204,42,200630,,
19850204,43,200362,,
19850204,44,200387,,
19850204,45,200572,,
19850204,46,200346,,
19850204,47,200427,,
19850204,48,200337,,
19850204,50,200359,,
19850204,52,200444,,
19850204,53,201020,,
19850204,55,200455,,
19850204,56,200422,,
19850204,61,201018,,
19850204,62,200237,,
19850204,63,200383,,
19850204,64,200390,,
19850204,65,200405,,
19850204,66,200393,,
19850204,67,200452,,
19850204,68,200398,,
19850204,69,200725,,
19850204,70,200424,,
19850204,73,200961,,
19850204,74,200433,,
19850204,75,200402,,
19850204,77,200440,,
19850204,78,201019,,
19850204,79,200437,,
19850204,81,200333,,
19850204,82,200371,,
19850204,83,200450,,
19850204,84,200425,,
19850204,85,200428,,
19850204,86,200448,,
19850204,87,200412,,
19850204,89,200503,,
19850204,91,200416,,
19850204,94,200534,,
19850204,101,200443,,
19850204,104,200456,,
19850204,107,200369,,
19850204,108,200962,,
19850204,112,200415,,
19850204,116,200500,,
19850204,117,200548,,
19850204,119,207450,,
19850204,126,200576,,
19850204,127,200413,,
19850204,137,200439,,
19850204,142,200586,,
19850204,152,200591,,
19850204,154,200504,,
19850204,155,200388,,
19850204,158,200486,,
19850204,165,200650,,
19850204,166,200575,,
19850204,170,200473,,
19850204,185,200549,,
19850204,205,200497,,
19850204,211,200462,,
19850204,232,201040,,
19850204,282,213025,,
19850204,293,200640,,
19850211,1,200293,,
19850211,2,200259,,
19850211,3,200401,,
19850211,4,200360,,
19850211,5,200209,,
19850211,6,200377,,
19850211,7,200404,,
19850211,8,200354,,
19850211,9,200348,,
19850211,10,200423,,
19850211,11,200373,,
19850211,12,200389,,
19850211,13,200453,,
19850211,14,200533,,
19850211,15,200375,,
19850211,16,200442,,
19850211,17,200419,,
19850211,18,200465,,
19850211,19,200366,,
19850211,20,200408,,
19850211,21,200994,,
19850211,22,200372,,
19850211,23,200959,,
19850211,24,200991,,
19850211,25,200414,,
19850211,26,200496,,
19850211,27,200421,,
19850211,28,200392,,
19850211,29,200628,,
19850211,30,200395,,
19850211,31,200407,,
19850211,32,200417,,
19850211,33,200403,,
19850211,34,200585,,
19850211,35,200223,,
19850211,36,200464,,
19850211,37,201022,,
19850211,38,200340,,
19850211,39,200384,,
19850211,40,200357,,
19850211,41,200410,,
19850211,42,200630,,
19850211,43,200362,,
19850211,44,200387,,
19850211,45,200572,,
19850211,46,200346,,
19850211,47,200427,,
19850211,48,200337,,
19850211,50,200359,,
19850211,52,200444,,
19850211,53,201020,,
19850211,55,200455,,
19850211,56,200422,,
19850211,61,201018,,
19850211,62,200237,,
19850211,63,200383,,
19850211,64,200390,,
19850211,65,200405,,
19850211,66,200393,,
19850211,67,200452,,
19850211,68,200398,,
19850211,69,200725,,
19850211,70,200424,,
19850211,73,200961,,
19850211,74,200433,,
19850211,75,200402,,
19850211,77,200440,,
19850211,78,201019,,
19850211,79,200437,,
19850211,81,200333,,
19850211,82,200371,,
19850211,83,200450,,
19850211,84,200425,,
19850211,85,200428,,
19850211,86,200448,,
19850211,87,200412,,
19850211,89,200503,,
19850211,91,200416,,
19850211,94,200534,,
19850211,101,200443,,
19850211,104,200456,,
19850211,107,200369,,
19850211,108,200962,,
19850211,112,200415,,
19850211,116,200500,,
19850211,117,200548,,
19850211,119,207450,,
19850211,126,200576,,
19850211,127,200413,,
19850211,137,200439,,
19850211,142,200586,,
19850211,152,200591,,
19850211,154,200504,,
19850211,155,200388,,
19850211,158,200486,,
19850211,165,200650,,
19850211,166,200575,,
19850211,170,200473,,
19850211,185,200549,,
19850211,205,200497,,
19850211,211,200462,,
19850211,232,201040,,
19850211,282,213025,,
19850211,293,200640,,
19850218,1,200293,,
19850218,2,200259,,
19850218,4,200401,,
19850218,5,200377,,
19850218,6,200360,,
19850218,7,200348,,
19850218,8,200354,,
19850218,9,200404,,
19850218,14,200442,,
19850218,16,200419,,
19850218,21,200414,,
19850218,24,200959,,
19850218,26,200395,,
19850218,27,200421,,
19850218,32,200407,,
19850218,32,200417,,
19850218,35,200572,,
19850218,37,200357,,
19850218,40,200362,,
19850218,46,200630,,
19850218,54,200455,,
19850218,60,200422,,
19850218,69,200450,,
19850218,72,200725,,
19850218,85,200425,,
19850218,85,200428,,
19850218,91,200416,,
19850218,103,200415,,
19850218,111,200548,,
19850218,138,200439,,
19850218,154,200504,,
19850218,193,200495,,
19850218,198,200587,,
19850218,205,200497,,
19850218,223,200097,,
19850218,237,200481,,
19850218,239,200510,,
19850218,272,200545,,
19850218,291,200640,,
19850225,1,200293,,
19850225,2,200259,,
19850225,4,200401,,
19850225,5,200377,,
19850225,6,200360,,
19850225,7,200348,,
19850225,8,200354,,
19850225,9,200404,,
19850225,14,200442,,
19850225,16,200419,,
19850225,21,200414,,
19850225,24,200959,,
19850225,26,200395,,
19850225,27,200421,,
19850225,32,200407,,
19850225,32,200417,,
19850225,35,200572,,
19850225,37,200357,,
19850225,40,200362,,
19850225,46,200630,,
19850225,54,200455,,
19850225,60,200422,,
19850225,69,200450,,
19850225,72,200725,,
19850225,85,200425,,
19850225,85,200428,,
19850225,91,200416,,
19850225,103,200415,,
19850225,111,200548,,
19850225,138,200439,,
19850225,154,200504,,
19850225,193,200495,,
19850225,198,200587,,
19850225,205,200497,,
19850225,223,200097,,
19850225,237,200481,,
19850225,239,200510,,
19850225,272,200545,,
19850225,291,200640,,
19850304,1,200293,,
19850304,2,200259,,
19850304,3,200348,,
19850304,5,200377,,
19850304,6,200401,,
19850304,7,200404,,
19850304,9,200360,,
19850304,10,200354,,
19850304,11,200442,,
19850304,16,200419,,
19850304,20,200414,,
19850304,21,200959,,
19850304,26,200421,,
19850304,27,200407,,
19850304,28,200395,,
19850304,32,200417,,
19850304,33,200572,,
19850304,34,200392,,
19850304,35,200362,,
19850304,42,200357,,
19850304,47,200630,,
19850304,48,200416,,
19850304,55,200455,,
19850304,58,200422,,
19850304,67,200450,,
19850304,70,200725,,
19850304,72,200428,,
19850304,90,200425,,
19850304,92,200664,,
19850304,94,200448,,
19850304,101,200415,,
19850304,112,200548,,
19850304,132,200621,,
19850304,144,200439,,
19850304,158,200504,,
19850304,192,200495,,
19850304,200,200497,,
19850304,217,201040,,
19850304,221,200587,,
19850304,224,200097,,
19850304,232,200640,,
19850304,239,200481,,
19850304,241,200510,,
19850304,254,200441,,
19850304,278,200545,,
19850311,1,200293,,
19850311,2,200259,,
19850311,3,200348,,
19850311,5,200377,,
19850311,6,200401,,
19850311,7,200404,,
19850311,9,200360,,
19850311,10,200354,,
19850311,11,200442,,
19850311,16,200419,,
19850311,20,200414,,
19850311,21,200959,,
19850311,26,200421,,
19850311,27,200407,,
19850311,28,200395,,
19850311,32,200417,,
19850311,33,200572,,
19850311,34,200392,,
19850311,35,200362,,
19850311,42,200357,,
19850311,47,200630,,
19850311,48,200416,,
19850311,55,200455,,
19850311,58,200422,,
19850311,67,200450,,
19850311,70,200725,,
19850311,72,200428,,
19850311,90,200425,,
19850311,92,200664,,
19850311,94,200448,,
19850311,101,200415,,
19850311,112,200548,,
19850311,132,200621,,
19850311,144,200439,,
19850311,158,200504,,
19850311,192,200495,,
19850311,200,200497,,
19850311,217,201040,,
19850311,221,200587,,
19850311,224,200097,,
19850311,232,200640,,
19850311,239,200481,,
19850311,241,200510,,
19850311,254,200441,,
19850311,278,200545,,
19850318,1,200293,,
19850318,2,200259,,
19850318,3,200348,,
19850318,4,200377,,
19850318,5,200401,,
19850318,7,200404,,
19850318,8,200360,,
19850318,9,200354,,
19850318,14,200442,,
19850318,15,200419,,
19850318,19,200414,,
19850318,20,200959,,
19850318,28,200421,,
19850318,29,200417,,
19850318,31,200407,,
19850318,34,200362,,
19850318,35,200357,,
19850318,36,200392,,
19850318,39,200572,,
19850318,48,200630,,
19850318,49,200416,,
19850318,55,200455,,
19850318,63,200450,,
19850318,64,200725,,
19850318,68,200422,,
19850318,70,200664,,
19850318,80,200428,,
19850318,81,200425,,
19850318,95,200448,,
19850318,100,200415,,
19850318,127,200439,,
19850318,133,200621,,
19850318,137,200548,,
19850318,156,200504,,
19850318,185,200640,,
19850318,193,201040,,
19850318,197,200497,,
19850318,227,200097,,
19850318,242,200481,,
19850318,284,200545,,
19850325,1,200293,,
19850325,2,200259,,
19850325,3,200348,,
19850325,4,200377,,
19850325,5,200401,,
19850325,7,200404,,
19850325,8,200360,,
19850325,9,200354,,
19850325,14,200442,,
19850325,15,200419,,
19850325,19,200414,,
19850325,20,200959,,
19850325,28,200421,,
19850325,29,200417,,
19850325,31,200407,,
19850325,34,200362,,
19850325,35,200357,,
19850325,36,200392,,
19850325,39,200572,,
19850325,48,200630,,
19850325,49,200416,,
19850325,55,200455,,
19850325,63,200450,,
19850325,64,200725,,
19850325,68,200422,,
19850325,70,200664,,
19850325,80,200428,,
19850325,81,200425,,
19850325,95,200448,,
19850325,100,200415,,
19850325,127,200439,,
19850325,133,200621,,
19850325,137,200548,,
19850325,156,200504,,
19850325,185,200640,,
19850325,193,201040,,
19850325,197,200497,,
19850325,227,200097,,
19850325,242,200481,,
19850325,284,200545,,
19850401,1,200293,,
19850401,2,200259,,
19850401,3,200348,,
19850401,4,200377,,
19850401,5,200401,,
19850401,7,200354,,
19850401,8,200360,,
19850401,9,200404,,
19850401,13,200442,,
19850401,16,200419,,
19850401,19,200959,,
19850401,21,200414,,
19850401,26,200395,,
19850401,29,200417,,
19850401,31,200407,,
19850401,33,200572,,
19850401,35,200357,,
19850401,36,200362,,
19850401,37,200392,,
19850401,43,200630,,
19850401,49,200416,,
19850401,56,200422,,
19850401,61,200725,,
19850401,64,200450,,
19850401,72,200664,,
19850401,78,200428,,
19850401,81,200425,,
19850401,99,200415,,
19850401,103,200448,,
19850401,132,200621,,
19850401,141,200548,,
19850401,144,200439,,
19850401,161,200504,,
19850401,179,201040,,
19850401,196,200495,,
19850401,200,200497,,
19850401,229,200097,,
19850401,245,200481,,
19850401,255,200510,,
19850401,286,200545,,
19850401,301,200498,,
19850408,1,200293,,
19850408,2,200259,,
19850408,3,200348,,
19850408,4,200377,,
19850408,5,200401,,
19850408,7,200354,,
19850408,8,200360,,
19850408,9,200404,,
19850408,13,200442,,
19850408,16,200419,,
19850408,19,200959,,
19850408,21,200414,,
19850408,26,200395,,
19850408,29,200417,,
19850408,31,200407,,
19850408,33,200572,,
19850408,35,200357,,
19850408,36,200362,,
19850408,37,200392,,
19850408,43,200630,,
19850408,49,200416,,
19850408,56,200422,,
19850408,61,200725,,
19850408,64,200450,,
19850408,72,200664,,
19850408,78,200428,,
19850408,81,200425,,
19850408,99,200415,,
19850408,103,200448,,
19850408,132,200621,,
19850408,141,200548,,
19850408,144,200439,,
19850408,161,200504,,
19850408,179,201040,,
19850408,196,200495,,
19850408,200,200497,,
19850408,229,200097,,
19850408,245,200481,,
19850408,255,200510,,
19850408,286,200545,,
19850408,301,200498,,
19850415,1,200293,,
19850415,2,200259,,
19850415,3,200348,,
19850415,4,200401,,
19850415,5,200377,,
19850415,6,200354,,
19850415,8,200360,,
19850415,14,200442,,
19850415,17,200419,,
19850415,18,200572,,
19850415,19,200959,,
19850415,24,200395,,
19850415,28,200421,,
19850415,33,200455,,
19850415,36,200362,,
19850415,37,200407,,
19850415,49,200416,,
19850415,54,200630,,
19850415,58,200725,,
19850415,61,200422,,
19850415,68,200450,,
19850415,70,200664,,
19850415,72,200428,,
19850415,79,200425,,
19850415,82,200640,,
19850415,94,200415,,
19850415,146,200439,,
19850415,153,200504,,
19850415,200,200497,,
19850415,201,200495,,
19850415,222,200097,,
19850415,232,200587,,
19850415,242,200481,,
19850415,250,200510,,
19850415,281,200545,,
19850415,300,200498,,
19850422,1,200293,,
19850422,2,200259,,
19850422,3,200348,,
19850422,4,200401,,
19850422,5,200377,,
19850422,6,200354,,
19850422,8,200360,,
19850422,14,200442,,
19850422,17,200419,,
19850422,18,200572,,
19850422,19,200959,,
19850422,24,200395,,
19850422,28,200421,,
19850422,33,200455,,
19850422,36,200362,,
19850422,37,200407,,
19850422,49,200416,,
19850422,54,200630,,
19850422,58,200725,,
19850422,61,200422,,
19850422,68,200450,,
19850422,70,200664,,
19850422,72,200428,,
19850422,79,200425,,
19850422,82,200640,,
19850422,94,200415,,
19850422,146,200439,,
19850422,153,200504,,
19850422,200,200497,,
19850422,201,200495,,
19850422,222,200097,,
19850422,232,200587,,
19850422,242,200481,,
19850422,250,200510,,
19850422,281,200545,,
19850422,300,200498,,
19850429,1,200293,,
19850429,2,200259,,
19850429,3,200348,,
19850429,4,200401,,
19850429,5,200377,,
19850429,6,200404,,
19850429,7,200354,,
19850429,9,200360,,
19850429,14,200414,,
19850429,15,200419,,
19850429,17,200572,,
19850429,18,200442,,
19850429,20,200959,,
19850429,26,200395,,
19850429,27,200455,,
19850429,30,200417,,
19850429,31,200362,,
19850429,33,200421,,
19850429,37,200407,,
19850429,38,200357,,
19850429,44,200392,,
19850429,49,200416,,
19850429,61,200422,,
19850429,64,200450,,
19850429,71,200664,,
19850429,74,200428,,
19850429,79,200425,,
19850429,80,200630,,
19850429,84,200640,,
19850429,95,200472,,
19850429,97,200448,,
19850429,101,200415,,
19850429,119,200621,,
19850429,146,200439,,
19850429,153,200504,,
19850429,173,201040,,
19850429,196,200584,,
19850429,202,200497,,
19850429,203,200495,,
19850429,214,200441,,
19850429,222,200097,,
19850429,236,200587,,
19850429,247,200481,,
19850429,263,200510,,
19850429,297,200545,,
19850429,304,200498,,
19850506,1,200293,,
19850506,2,200259,,
19850506,3,200348,,
19850506,4,200401,,
19850506,5,200377,,
19850506,6,200404,,
19850506,7,200354,,
19850506,9,200360,,
19850506,14,200414,,
19850506,15,200419,,
19850506,17,200572,,
19850506,18,200442,,
19850506,20,200959,,
19850506,26,200395,,
19850506,27,200455,,
19850506,30,200417,,
19850506,31,200362,,
19850506,33,200421,,
19850506,37,200407,,
19850506,38,200357,,
19850506,44,200392,,
19850506,49,200416,,
19850506,61,200422,,
19850506,64,200450,,
19850506,71,200664,,
19850506,74,200428,,
19850506,79,200425,,
19850506,80,200630,,
19850506,84,200640,,
19850506,95,200472,,
19850506,97,200448,,
19850506,101,200415,,
19850506,119,200621,,
19850506,146,200439,,
19850506,153,200504,,
19850506,173,201040,,
19850506,196,200584,,
19850506,202,200497,,
19850506,203,200495,,
19850506,214,200441,,
19850506,222,200097,,
19850506,236,200587,,
19850506,247,200481,,
19850506,263,200510,,
19850506,297,200545,,
19850506,304,200498,,
19850513,1,200293,,
19850513,2,200259,,
19850513,3,200348,,
19850513,4,200401,,
19850513,5,200377,,
19850513,6,200360,,
19850513,7,200404,,
19850513,8,200354,,
19850513,14,200414,,
19850513,16,200419,,
19850513,17,200572,,
19850513,18,200442,,
19850513,19,200959,,
19850513,23,200417,,
19850513,29,200395,,
19850513,33,200455,,
19850513,34,200421,,
19850513,35,200362,,
19850513,36,200357,,
19850513,41,200407,,
19850513,43,200422,,
19850513,44,200416,,
19850513,52,200392,,
19850513,56,200725,,
19850513,61,200664,,
19850513,69,200450,,
19850513,72,200428,,
19850513,74,200425,,
19850513,82,200630,,
19850513,87,200640,,
19850513,94,200472,,
19850513,108,200415,,
19850513,117,200448,,
19850513,127,200621,,
19850513,146,200548,,
19850513,154,200439,,
19850513,157,200504,,
19850513,172,200584,,
19850513,181,201040,,
19850513,202,200497,,
19850513,218,200441,,
19850513,221,200097,,
19850513,230,200495,,
19850513,232,200481,,
19850513,233,200510,,
19850513,241,200587,,
19850513,294,200498,,
19850513,303,200545,,
19850520,1,200293,,
19850520,2,200259,,
19850520,3,200348,,
19850520,4,200401,,
19850520,5,200377,,
19850520,6,200360,,
19850520,7,200404,,
19850520,8,200354,,
19850520,14,200414,,
19850520,16,200419,,
19850520,17,200572,,
19850520,18,200442,,
19850520,19,200959,,
19850520,23,200417,,
19850520,29,200395,,
19850520,33,200455,,
19850520,34,200421,,
19850520,35,200362,,
19850520,36,200357,,
19850520,41,200407,,
19850520,43,200422,,
19850520,44,200416,,
19850520,52,200392,,
19850520,56,200725,,
19850520,61,200664,,
19850520,69,200450,,
19850520,72,200428,,
19850520,74,200425,,
19850520,82,200630,,
19850520,87,200640,,
19850520,94,200472,,
19850520,108,200415,,
19850520,117,200448,,
19850520,127,200621,,
19850520,146,200548,,
19850520,154,200439,,
19850520,157,200504,,
19850520,172,200584,,
19850520,181,201040,,
19850520,202,200497,,
19850520,218,200441,,
19850520,221,200097,,
19850520,230,200495,,
19850520,232,200481,,
19850520,233,200510,,
19850520,241,200587,,
19850520,294,200498,,
19850520,303,200545,,
19850527,1,200293,,
19850527,2,200259,,
19850527,3,200348,,
19850527,4,200401,,
19850527,5,200377,,
19850527,6,200360,,
19850527,7,200404,,
19850527,9,200354,,
19850527,14,200414,,
19850527,15,200419,,
19850527,17,200572,,
19850527,18,200442,,
19850527,20,200959,,
19850527,26,200417,,
19850527,28,200455,,
19850527,30,200395,,
19850527,34,200357,,
19850527,38,200407,,
19850527,42,200421,,
19850527,44,200422,,
19850527,48,200416,,
19850527,50,200725,,
19850527,51,200392,,
19850527,52,200362,,
19850527,59,200664,,
19850527,67,200450,,
19850527,74,200425,,
19850527,78,200428,,
19850527,87,200472,,
19850527,88,200630,,
19850527,91,200640,,
19850527,111,200415,,
19850527,119,200621,,
19850527,120,200448,,
19850527,146,200548,,
19850527,156,200439,,
19850527,163,200504,,
19850527,175,200584,,
19850527,177,201040,,
19850527,205,200587,,
19850527,209,200497,,
19850527,213,200481,,
19850527,220,200097,,
19850527,226,200441,,
19850527,237,200495,,
19850527,240,200510,,
19850527,248,200542,,
19850527,292,200498,,
19850527,315,200545,,
19850603,1,200293,,
19850603,2,200259,,
19850603,3,200348,,
19850603,4,200401,,
19850603,5,200377,,
19850603,6,200360,,
19850603,7,200404,,
19850603,9,200354,,
19850603,14,200414,,
19850603,15,200419,,
19850603,17,200572,,
19850603,18,200442,,
19850603,20,200959,,
19850603,26,200417,,
19850603,28,200455,,
19850603,30,200395,,
19850603,34,200357,,
19850603,38,200407,,
19850603,42,200421,,
19850603,44,200422,,
19850603,48,200416,,
19850603,50,200725,,
19850603,51,200392,,
19850603,52,200362,,
19850603,59,200664,,
19850603,67,200450,,
19850603,74,200425,,
19850603,78,200428,,
19850603,87,200472,,
19850603,88,200630,,
19850603,91,200640,,
19850603,111,200415,,
19850603,119,200621,,
19850603,120,200448,,
19850603,146,200548,,
19850603,156,200439,,
19850603,163,200504,,
19850603,175,200584,,
19850603,177,201040,,
19850603,205,200587,,
19850603,209,200497,,
19850603,213,200481,,
19850603,220,200097,,
19850603,226,200441,,
19850603,237,200495,,
19850603,240,200510,,
19850603,248,200542,,
19850603,292,200498,,
19850603,315,200545,,
19850610,1,200259,,
19850610,2,200293,,
19850610,3,200348,,
19850610,4,200401,,
19850610,5,200360,,
19850610,6,200354,,
19850610,7,200377,,
19850610,8,200404,,
19850610,11,200414,,
19850610,15,200572,,
19850610,16,200419,,
19850610,18,200442,,
19850610,22,200959,,
19850610,24,200417,,
19850610,27,200455,,
19850610,28,200395,,
19850610,33,200357,,
19850610,35,200725,,
19850610,39,200422,,
19850610,43,200421,,
19850610,48,200416,,
19850610,49,200362,,
19850610,50,200407,,
19850610,55,200392,,
19850610,58,200664,,
19850610,75,200428,,
19850610,76,200450,,
19850610,84,200472,,
19850610,94,200640,,
19850610,96,200630,,
19850610,97,200425,,
19850610,99,200597,,
19850610,102,200415,,
19850610,122,200448,,
19850610,127,200097,,
19850610,131,200621,,
19850610,146,200548,,
19850610,165,200504,,
19850610,173,200584,,
19850610,179,200439,,
19850610,185,201040,,
19850610,194,200481,,
19850610,209,200587,,
19850610,220,200497,,
19850610,227,200510,,
19850610,228,200441,,
19850610,251,200542,,
19850610,275,200498,,
19850610,324,200545,,
19850617,1,200259,,
19850617,2,200293,,
19850617,3,200348,,
19850617,4,200401,,
19850617,5,200360,,
19850617,6,200354,,
19850617,7,200377,,
19850617,8,200404,,
19850617,11,200414,,
19850617,15,200572,,
19850617,16,200419,,
19850617,18,200442,,
19850617,22,200959,,
19850617,24,200417,,
19850617,27,200455,,
19850617,28,200395,,
19850617,33,200357,,
19850617,35,200725,,
19850617,39,200422,,
19850617,43,200421,,
19850617,48,200416,,
19850617,49,200362,,
19850617,50,200407,,
19850617,55,200392,,
19850617,58,200664,,
19850617,75,200428,,
19850617,76,200450,,
19850617,84,200472,,
19850617,94,200640,,
19850617,96,200630,,
19850617,97,200425,,
19850617,99,200597,,
19850617,102,200415,,
19850617,122,200448,,
19850617,127,200097,,
19850617,131,200621,,
19850617,146,200548,,
19850617,165,200504,,
19850617,173,200584,,
19850617,179,200439,,
19850617,185,201040,,
19850617,194,200481,,
19850617,209,200587,,
19850617,220,200497,,
19850617,227,200510,,
19850617,228,200441,,
19850617,251,200542,,
19850617,275,200498,,
19850617,324,200545,,
19850624,1,200259,,
19850624,2,200293,,
19850624,3,200348,,
19850624,4,200401,,
19850624,5,200360,,
19850624,6,200377,,
19850624,7,200404,,
19850624,8,200354,,
19850624,11,200414,,
19850624,14,200572,,
19850624,15,200419,,
19850624,18,200442,,
19850624,21,200959,,
19850624,26,200417,,
19850624,27,200455,,
19850624,29,200357,,
19850624,32,200395,,
19850624,33,200725,,
19850624,39,200421,,
19850624,41,200422,,
19850624,46,200416,,
19850624,53,200407,,
19850624,55,200362,,
19850624,56,200392,,
19850624,59,200664,,
19850624,80,200450,,
19850624,84,200472,,
19850624,92,200640,,
19850624,94,200425,,
19850624,99,200630,,
19850624,100,200415,,
19850624,101,200597,,
19850624,123,200448,,
19850624,129,200097,,
19850624,130,200621,,
19850624,141,200548,,
19850624,164,200504,,
19850624,170,200584,,
19850624,176,200439,,
19850624,178,201040,,
19850624,193,200481,,
19850624,210,200587,,
19850624,222,200497,,
19850624,223,200510,,
19850624,225,200441,,
19850624,243,200542,,
19850624,283,200498,,
19850624,294,200705,,
19850624,324,200545,,
19850701,1,200259,,
19850701,2,200293,,
19850701,3,200348,,
19850701,4,200401,,
19850701,5,200360,,
19850701,6,200377,,
19850701,7,200404,,
19850701,8,200354,,
19850701,11,200414,,
19850701,14,200572,,
19850701,15,200419,,
19850701,18,200442,,
19850701,21,200959,,
19850701,26,200417,,
19850701,27,200455,,
19850701,29,200357,,
19850701,32,200395,,
19850701,33,200725,,
19850701,39,200421,,
19850701,41,200422,,
19850701,46,200416,,
19850701,53,200407,,
19850701,55,200362,,
19850701,56,200392,,
19850701,59,200664,,
19850701,80,200450,,
19850701,84,200472,,
19850701,92,200640,,
19850701,94,200425,,
19850701,99,200630,,
19850701,100,200415,,
19850701,101,200597,,
19850701,123,200448,,
19850701,129,200097,,
19850701,130,200621,,
19850701,141,200548,,
19850701,164,200504,,
19850701,170,200584,,
19850701,176,200439,,
19850701,178,201040,,
19850701,193,200481,,
19850701,210,200587,,
19850701,222,200497,,
19850701,223,200510,,
19850701,225,200441,,
19850701,243,200542,,
19850701,283,200498,,
19850701,294,200705,,
19850701,324,200545,,
19850708,1,200259,,
19850708,2,200293,,
19850708,3,200348,,
19850708,4,200401,,
19850708,5,200404,,
19850708,7,200377,,
19850708,8,200419,,
19850708,9,200354,,
19850708,12,200414,,
19850708,20,200442,,
19850708,21,200959,,
19850708,26,200417,,
19850708,28,200357,,
19850708,29,200395,,
19850708,30,200455,,
19850708,31,200421,,
19850708,35,200725,,
19850708,39,200422,,
19850708,42,200416,,
19850708,49,200392,,
19850708,52,200664,,
19850708,56,200407,,
19850708,69,200428,,
19850708,95,200640,,
19850708,97,200425,,
19850708,99,200630,,
19850708,101,200415,,
19850708,102,200597,,
19850708,108,200548,,
19850708,112,200621,,
19850708,129,200448,,
19850708,135,200097,,
19850708,141,200439,,
19850708,165,200481,,
19850708,169,200584,,
19850708,179,201040,,
19850708,209,200587,,
19850708,224,200497,,
19850708,226,200542,,
19850708,227,200441,,
19850708,233,200510,,
19850708,283,200498,,
19850708,298,200705,,
19850708,318,200545,,
19850715,1,200259,,
19850715,2,200293,,
19850715,3,200348,,
19850715,4,200401,,
19850715,5,200404,,
19850715,7,200377,,
19850715,8,200419,,
19850715,9,200354,,
19850715,12,200414,,
19850715,20,200442,,
19850715,21,200959,,
19850715,26,200417,,
19850715,28,200357,,
19850715,29,200395,,
19850715,30,200455,,
19850715,31,200421,,
19850715,35,200725,,
19850715,39,200422,,
19850715,42,200416,,
19850715,49,200392,,
19850715,52,200664,,
19850715,56,200407,,
19850715,69,200428,,
19850715,95,200640,,
19850715,97,200425,,
19850715,99,200630,,
19850715,101,200415,,
19850715,102,200597,,
19850715,108,200548,,
19850715,112,200621,,
19850715,129,200448,,
19850715,135,200097,,
19850715,141,200439,,
19850715,165,200481,,
19850715,169,200584,,
19850715,179,201040,,
19850715,209,200587,,
19850715,224,200497,,
19850715,226,200542,,
19850715,227,200441,,
19850715,233,200510,,
19850715,283,200498,,
19850715,298,200705,,
19850715,318,200545,,
19850722,1,200259,,
19850722,2,200293,,
19850722,3,200348,,
19850722,4,200360,,
19850722,5,200401,,
19850722,6,200377,,
19850722,7,200404,,
19850722,8,200354,,
19850722,10,200419,,
19850722,12,200414,,
19850722,14,200572,,
19850722,20,200442,,
19850722,22,200959,,
19850722,24,200417,,
19850722,28,200455,,
19850722,29,200357,,
19850722,32,200421,,
19850722,36,200422,,
19850722,37,200725,,
19850722,42,200362,,
19850722,46,200416,,
19850722,48,200392,,
19850722,52,200664,,
19850722,58,200407,,
19850722,74,200428,,
19850722,75,200450,,
19850722,87,200472,,
19850722,94,200640,,
19850722,99,200425,,
19850722,102,200630,,
19850722,106,200415,,
19850722,107,200597,,
19850722,110,200548,,
19850722,114,200621,,
19850722,128,200448,,
19850722,141,200097,,
19850722,169,200481,,
19850722,176,200584,,
19850722,195,201040,,
19850722,215,200495,,
19850722,219,200504,,
19850722,223,200587,,
19850722,229,213026,,
19850722,234,200441,,
19850722,243,200497,,
19850722,244,200542,,
19850722,257,200510,,
19850722,331,200545,,
19850729,1,200259,,
19850729,2,200293,,
19850729,3,200348,,
19850729,4,200360,,
19850729,5,200401,,
19850729,6,200377,,
19850729,7,200404,,
19850729,8,200354,,
19850729,10,200419,,
19850729,12,200414,,
19850729,14,200572,,
19850729,20,200442,,
19850729,22,200959,,
19850729,24,200417,,
19850729,28,200455,,
19850729,29,200357,,
19850729,32,200421,,
19850729,36,200422,,
19850729,37,200725,,
19850729,42,200362,,
19850729,46,200416,,
19850729,48,200392,,
19850729,52,200664,,
19850729,58,200407,,
19850729,74,200428,,
19850729,75,200450,,
19850729,87,200472,,
19850729,94,200640,,
19850729,99,200425,,
19850729,102,200630,,
19850729,106,200415,,
19850729,107,200597,,
19850729,110,200548,,
19850729,114,200621,,
19850729,128,200448,,
19850729,141,200097,,
19850729,169,200481,,
19850729,176,200584,,
19850729,195,201040,,
19850729,215,200495,,
19850729,219,200504,,
19850729,223,200587,,
19850729,229,213026,,
19850729,234,200441,,
19850729,243,200497,,
19850729,244,200542,,
19850729,257,200510,,
19850729,331,200545,,
19850805,1,200259,,
19850805,2,200293,,
19850805,3,200360,,
19850805,4,200503,,
19850805,5,200404,,
19850805,6,200401,,
19850805,7,200354,,
19850805,8,200377,,
19850805,10,200414,,
19850805,11,200419,,
19850805,12,200572,,
19850805,13,200442,,
19850805,22,200959,,
19850805,28,200455,,
19850805,29,200417,,
19850805,30,200422,,
19850805,31,200357,,
19850805,33,200395,,
19850805,34,200421,,
19850805,39,200725,,
19850805,42,200362,,
19850805,44,200416,,
19850805,50,200392,,
19850805,54,200664,,
19850805,66,200407,,
19850805,70,200390,,
19850805,71,200450,,
19850805,72,200472,,
19850805,76,200428,,
19850805,82,200630,,
19850805,83,200548,,
19850805,98,200640,,
19850805,106,200597,,
19850805,110,200415,,
19850805,121,200621,,
19850805,136,200448,,
19850805,137,200439,,
19850805,146,200097,,
19850805,161,200510,,
19850805,170,200501,,
19850805,172,200481,,
19850805,181,200584,,
19850805,203,201040,,
19850805,218,200504,,
19850805,223,200474,,
19850805,225,200587,,
19850805,229,200469,,
19850805,232,200441,,
19850805,233,200705,,
19850805,234,200498,,
19850805,237,200641,,
19850805,256,200497,,
19850805,257,200542,,
19850805,338,200545,,
19850812,1,200259,,
19850812,2,200293,,
19850812,3,200360,,
19850812,4,200503,,
19850812,5,200404,,
19850812,6,200401,,
19850812,7,200354,,
19850812,8,200377,,
19850812,10,200414,,
19850812,11,200419,,
19850812,12,200572,,
19850812,13,200442,,
19850812,22,200959,,
19850812,28,200455,,
19850812,29,200417,,
19850812,30,200422,,
19850812,31,200357,,
19850812,33,200395,,
19850812,34,200421,,
19850812,39,200725,,
19850812,42,200362,,
19850812,44,200416,,
19850812,50,200392,,
19850812,54,200664,,
19850812,66,200407,,
19850812,70,200390,,
19850812,71,200450,,
19850812,72,200472,,
19850812,76,200428,,
19850812,82,200630,,
19850812,83,200548,,
19850812,98,200640,,
19850812,106,200597,,
19850812,110,200415,,
19850812,121,200621,,
19850812,136,200448,,
19850812,137,200439,,
19850812,146,200097,,
19850812,161,200510,,
19850812,170,200501,,
19850812,172,200481,,
19850812,181,200584,,
19850812,203,201040,,
19850812,218,200504,,
19850812,223,200474,,
19850812,225,200587,,
19850812,229,200469,,
19850812,232,200441,,
19850812,233,200705,,
19850812,234,200498,,
19850812,237,200641,,
19850812,256,200497,,
19850812,257,200542,,
19850812,338,200545,,
19850819,64,200630,,
19850819,73,200407,,
19850826,64,200630,,
19850826,73,200407,,
19850902,1,200259,,
19850902,2,200293,,
19850902,3,200360,,
19850902,4,200354,,
19850902,5,200503,,
19850902,6,200404,,
19850902,7,200377,,
19850902,8,200401,,
19850902,9,200419,,
19850902,10,200572,,
19850902,11,200414,,
19850902,17,200442,,
19850902,26,200422,,
19850902,27,200959,,
19850902,28,200455,,
19850902,29,200357,,
19850902,30,200417,,
19850902,31,200421,,
19850902,33,200472,,
19850902,35,200395,,
19850902,40,200725,,
19850902,41,200362,,
19850902,51,200392,,
19850902,58,200416,,
19850902,63,200664,,
19850902,67,200390,,
19850902,74,200407,,
19850902,76,200428,,
19850902,77,200450,,
19850902,84,200630,,
19850902,87,200548,,
19850902,100,200425,,
19850902,108,200640,,
19850902,111,200415,,
19850902,117,200621,,
19850902,132,200439,,
19850902,139,200097,,
19850902,147,200597,,
19850902,151,200501,,
19850902,162,200448,,
19850902,164,200510,,
19850902,171,200679,,
19850902,179,200481,,
19850902,183,200584,,
19850902,200,201040,,
19850902,215,200495,,
19850902,221,200504,,
19850902,224,200705,,
19850902,226,200674,,
19850902,229,200469,,
19850902,233,200641,,
19850902,234,200498,,
19850902,236,200441,,
19850902,255,200542,,
19850902,257,200497,,
19850902,335,200545,,
19850909,1,200259,,
19850909,2,200293,,
19850909,3,200360,,
19850909,4,200354,,
19850909,5,200503,,
19850909,6,200404,,
19850909,7,200377,,
19850909,8,200401,,
19850909,9,200419,,
19850909,10,200572,,
19850909,11,200414,,
19850909,17,200442,,
19850909,26,200422,,
19850909,27,200959,,
19850909,28,200455,,
19850909,29,200357,,
19850909,30,200417,,
19850909,31,200421,,
19850909,33,200472,,
19850909,35,200395,,
19850909,40,200725,,
19850909,41,200362,,
19850909,51,200392,,
19850909,58,200416,,
19850909,63,200664,,
19850909,67,200390,,
19850909,74,200407,,
19850909,76,200428,,
19850909,77,200450,,
19850909,84,200630,,
19850909,87,200548,,
19850909,100,200425,,
19850909,108,200640,,
19850909,111,200415,,
19850909,117,200621,,
19850909,132,200439,,
19850909,139,200097,,
19850909,147,200597,,
19850909,151,200501,,
19850909,162,200448,,
19850909,164,200510,,
19850909,171,200679,,
19850909,179,200481,,
19850909,183,200584,,
19850909,200,201040,,
19850909,215,200495,,
19850909,221,200504,,
19850909,224,200705,,
19850909,226,200674,,
19850909,229,200469,,
19850909,233,200641,,
19850909,234,200498,,
19850909,236,200441,,
19850909,255,200542,,
19850909,257,200497,,
19850909,335,200545,,
19850916,1,200259,,
19850916,2,200293,,
19850916,3,200503,,
19850916,4,200360,,
19850916,5,200354,,
19850916,6,200404,,
19850916,7,200414,,
19850916,8,200377,,
19850916,9,200401,,
19850916,10,200419,,
19850916,11,200572,,
19850916,17,200442,,
19850916,23,200422,,
19850916,27,200959,,
19850916,28,200357,,
19850916,29,200455,,
19850916,32,200725,,
19850916,33,200421,,
19850916,36,200417,,
19850916,38,200472,,
19850916,40,200664,,
19850916,43,200362,,
19850916,45,200416,,
19850916,47,200395,,
19850916,52,200392,,
19850916,60,200407,,
19850916,68,200390,,
19850916,69,200679,,
19850916,70,200630,,
19850916,78,200450,,
19850916,81,200548,,
19850916,87,200428,,
19850916,102,200640,,
19850916,107,200425,,
19850916,118,200415,,
19850916,121,200621,,
19850916,123,200501,,
19850916,124,200597,,
19850916,136,200097,,
19850916,144,200439,,
19850916,154,200584,,
19850916,163,200510,,
19850916,169,200448,,
19850916,180,200481,,
19850916,204,201040,,
19850916,213,200504,,
19850916,215,200495,,
19850916,220,200705,,
19850916,230,200641,,
19850916,231,200674,,
19850916,232,200469,,
19850916,233,200498,,
19850916,251,200542,,
19850916,253,200497,,
19850916,262,200441,,
19850916,327,200545,,
19850923,1,200259,,
19850923,2,200293,,
19850923,3,200503,,
19850923,4,200360,,
19850923,5,200354,,
19850923,6,200404,,
19850923,7,200414,,
19850923,8,200377,,
19850923,9,200401,,
19850923,10,200419,,
19850923,11,200572,,
19850923,17,200442,,
19850923,23,200422,,
19850923,27,200959,,
19850923,28,200357,,
19850923,29,200455,,
19850923,32,200725,,
19850923,33,200421,,
19850923,36,200417,,
19850923,38,200472,,
19850923,40,200664,,
19850923,43,200362,,
19850923,45,200416,,
19850923,47,200395,,
19850923,52,200392,,
19850923,60,200407,,
19850923,68,200390,,
19850923,69,200679,,
19850923,70,200630,,
19850923,78,200450,,
19850923,81,200548,,
19850923,87,200428,,
19850923,102,200640,,
19850923,107,200425,,
19850923,118,200415,,
19850923,121,200621,,
19850923,123,200501,,
19850923,124,200597,,
19850923,136,200097,,
19850923,144,200439,,
19850923,154,200584,,
19850923,163,200510,,
19850923,169,200448,,
19850923,180,200481,,
19850923,204,201040,,
19850923,213,200504,,
19850923,215,200495,,
19850923,220,200705,,
19850923,230,200641,,
19850923,231,200674,,
19850923,232,200469,,
19850923,233,200498,,
19850923,251,200542,,
19850923,253,200497,,
19850923,262,200441,,
19850923,327,200545,,
19850930,1,200259,,
19850930,2,200293,,
19850930,3,200503,,
19850930,4,200360,,
19850930,5,200354,,
19850930,6,200404,,
19850930,7,200414,,
19850930,8,200401,,
19850930,9,200377,,
19850930,10,200419,,
19850930,12,200572,,
19850930,18,200442,,
19850930,23,200959,,
19850930,24,200357,,
19850930,27,200422,,
19850930,28,200455,,
19850930,30,200725,,
19850930,31,200417,,
19850930,33,200421,,
19850930,38,200362,,
19850930,40,200472,,
19850930,41,200416,,
19850930,43,200664,,
19850930,48,200395,,
19850930,53,200392,,
19850930,57,200390,,
19850930,59,200407,,
19850930,69,200679,,
19850930,72,200630,,
19850930,80,200450,,
19850930,82,200548,,
19850930,85,200428,,
19850930,107,200425,,
19850930,118,200415,,
19850930,120,200621,,
19850930,122,200501,,
19850930,123,200640,,
19850930,128,200597,,
19850930,135,200097,,
19850930,145,200439,,
19850930,150,200584,,
19850930,160,200510,,
19850930,169,200448,,
19850930,178,200481,,
19850930,213,200504,,
19850930,217,200495,,
19850930,219,201040,,
19850930,225,200705,,
19850930,231,200674,,
19850930,232,200469,,
19850930,233,200498,,
19850930,241,200441,,
19850930,242,200641,,
19850930,249,200542,,
19850930,255,200497,,
19850930,329,200545,,
19851007,1,200259,,
19851007,2,200293,,
19851007,3,200503,,
19851007,4,200360,,
19851007,5,200354,,
19851007,6,200404,,
19851007,7,200414,,
19851007,8,200401,,
19851007,9,200377,,
19851007,10,200419,,
19851007,12,200572,,
19851007,18,200442,,
19851007,23,200959,,
19851007,24,200357,,
19851007,27,200422,,
19851007,28,200455,,
19851007,30,200725,,
19851007,31,200417,,
19851007,33,200421,,
19851007,38,200362,,
19851007,40,200472,,
19851007,41,200416,,
19851007,43,200664,,
19851007,48,200395,,
19851007,53,200392,,
19851007,57,200390,,
19851007,59,200407,,
19851007,69,200679,,
19851007,72,200630,,
19851007,80,200450,,
19851007,82,200548,,
19851007,85,200428,,
19851007,107,200425,,
19851007,118,200415,,
19851007,120,200621,,
19851007,122,200501,,
19851007,123,200640,,
19851007,128,200597,,
19851007,135,200097,,
19851007,145,200439,,
19851007,150,200584,,
19851007,160,200510,,
19851007,169,200448,,
19851007,178,200481,,
19851007,213,200504,,
19851007,217,200495,,
19851007,219,201040,,
19851007,225,200705,,
19851007,231,200674,,
19851007,232,200469,,
19851007,233,200498,,
19851007,241,200441,,
19851007,242,200641,,
19851007,249,200542,,
19851007,255,200497,,
19851007,329,200545,,
19851014,1,200293,,
19851014,2,200259,,
19851014,3,200503,,
19851014,4,200360,,
19851014,5,200354,,
19851014,6,200404,,
19851014,7,200414,,
19851014,8,200377,,
19851014,10,200401,,
19851014,11,200419,,
19851014,12,200572,,
19851014,17,200442,,
19851014,21,200959,,
19851014,25,200664,,
19851014,28,200357,,
19851014,29,200422,,
19851014,30,200725,,
19851014,32,200421,,
19851014,33,200416,,
19851014,35,200362,,
19851014,38,200455,,
19851014,39,200472,,
19851014,41,200417,,
19851014,47,200395,,
19851014,52,200392,,
19851014,54,200390,,
19851014,67,200679,,
19851014,69,200407,,
19851014,70,200630,,
19851014,82,200450,,
19851014,83,200548,,
19851014,84,200428,,
19851014,106,200597,,
19851014,109,200425,,
19851014,119,200415,,
19851014,120,200640,,
19851014,122,200621,,
19851014,124,200501,,
19851014,138,200097,,
19851014,141,200439,,
19851014,149,200584,,
19851014,159,200510,,
19851014,172,200448,,
19851014,178,200481,,
19851014,182,200495,,
19851014,205,200441,,
19851014,217,201040,,
19851014,230,200705,,
19851014,232,200587,,
19851014,233,200498,,
19851014,234,200674,,
19851014,235,200469,,
19851014,246,200641,,
19851014,253,200542,,
19851014,254,200497,,
19851014,267,200545,,
19851021,1,200293,,
19851021,2,200259,,
19851021,3,200503,,
19851021,4,200360,,
19851021,5,200354,,
19851021,6,200404,,
19851021,7,200414,,
19851021,8,200377,,
19851021,10,200401,,
19851021,11,200419,,
19851021,12,200572,,
19851021,17,200442,,
19851021,21,200959,,
19851021,25,200664,,
19851021,28,200357,,
19851021,29,200422,,
19851021,30,200725,,
19851021,32,200421,,
19851021,33,200416,,
19851021,35,200362,,
19851021,38,200455,,
19851021,39,200472,,
19851021,41,200417,,
19851021,47,200395,,
19851021,52,200392,,
19851021,54,200390,,
19851021,67,200679,,
19851021,69,200407,,
19851021,70,200630,,
19851021,82,200450,,
19851021,83,200548,,
19851021,84,200428,,
19851021,106,200597,,
19851021,109,200425,,
19851021,119,200415,,
19851021,120,200640,,
19851021,122,200621,,
19851021,124,200501,,
19851021,138,200097,,
19851021,141,200439,,
19851021,149,200584,,
19851021,159,200510,,
19851021,172,200448,,
19851021,178,200481,,
19851021,182,200495,,
19851021,205,200441,,
19851021,217,201040,,
19851021,230,200705,,
19851021,232,200587,,
19851021,233,200498,,
19851021,234,200674,,
19851021,235,200469,,
19851021,246,200641,,
19851021,253,200542,,
19851021,254,200497,,
19851021,267,200545,,
19851028,1,200259,,
19851028,2,200293,,
19851028,3,200360,,
19851028,4,200503,,
19851028,5,200354,,
19851028,6,200414,,
19851028,7,200401,,
19851028,8,200377,,
19851028,9,200404,,
19851028,11,200419,,
19851028,12,200572,,
19851028,17,200442,,
19851028,20,200959,,
19851028,26,200422,,
19851028,27,200664,,
19851028,29,200392,,
19851028,31,200357,,
19851028,33,200362,,
19851028,35,200421,,
19851028,36,200416,,
19851028,39,200417,,
19851028,41,200472,,
19851028,43,200725,,
19851028,48,200455,,
19851028,52,200395,,
19851028,57,200407,,
19851028,59,200390,,
19851028,62,200630,,
19851028,69,200679,,
19851028,81,200450,,
19851028,83,200548,,
19851028,89,200428,,
19851028,107,200597,,
19851028,108,200425,,
19851028,118,200640,,
19851028,120,200621,,
19851028,121,200415,,
19851028,122,200501,,
19851028,134,200097,,
19851028,138,200439,,
19851028,153,200510,,
19851028,158,200584,,
19851028,166,200495,,
19851028,176,200448,,
19851028,183,200587,,
19851028,186,200481,,
19851028,200,200441,,
19851028,219,201040,,
19851028,220,200504,,
19851028,229,200705,,
19851028,234,200498,,
19851028,239,200674,,
19851028,240,200469,,
19851028,258,200497,,
19851028,259,200545,,
19851028,280,200641,,
19851028,293,200542,,
19851104,1,200259,,
19851104,2,200293,,
19851104,3,200360,,
19851104,4,200503,,
19851104,5,200354,,
19851104,6,200414,,
19851104,7,200401,,
19851104,8,200377,,
19851104,9,200404,,
19851104,11,200419,,
19851104,12,200572,,
19851104,17,200442,,
19851104,20,200959,,
19851104,26,200422,,
19851104,27,200664,,
19851104,29,200392,,
19851104,31,200357,,
19851104,33,200362,,
19851104,35,200421,,
19851104,36,200416,,
19851104,39,200417,,
19851104,41,200472,,
19851104,43,200725,,
19851104,48,200455,,
19851104,52,200395,,
19851104,57,200407,,
19851104,59,200390,,
19851104,62,200630,,
19851104,69,200679,,
19851104,81,200450,,
19851104,83,200548,,
19851104,89,200428,,
19851104,107,200597,,
19851104,108,200425,,
19851104,118,200640,,
19851104,120,200621,,
19851104,121,200415,,
19851104,122,200501,,
19851104,134,200097,,
19851104,138,200439,,
19851104,153,200510,,
19851104,158,200584,,
19851104,166,200495,,
19851104,176,200448,,
19851104,183,200587,,
19851104,186,200481,,
19851104,200,200441,,
19851104,219,201040,,
19851104,220,200504,,
19851104,229,200705,,
19851104,234,200498,,
19851104,239,200674,,
19851104,240,200469,,
19851104,258,200497,,
19851104,259,200545,,
19851104,280,200641,,
19851104,293,200542,,
19851111,1,200259,,
19851111,2,200293,,
19851111,3,200503,,
19851111,4,200360,,
19851111,5,200354,,
19851111,6,200414,,
19851111,7,200404,,
19851111,8,200401,,
19851111,9,200377,,
19851111,11,200419,,
19851111,12,200572,,
19851111,18,200442,,
19851111,19,200664,,
19851111,21,200959,,
19851111,27,200392,,
19851111,29,200421,,
19851111,30,200455,,
19851111,35,200362,,
19851111,37,200422,,
19851111,38,200357,,
19851111,40,200416,,
19851111,43,200395,,
19851111,44,200472,,
19851111,47,200725,,
19851111,50,200417,,
19851111,58,200407,,
19851111,61,200630,,
19851111,64,200390,,
19851111,68,200679,,
19851111,77,200450,,
19851111,78,200548,,
19851111,90,200428,,
19851111,93,200597,,
19851111,103,200425,,
19851111,109,200097,,
19851111,116,200640,,
19851111,118,201981,,
19851111,118,200415,,
19851111,119,200501,,
19851111,131,200621,,
19851111,134,200439,,
19851111,149,200510,,
19851111,153,200587,,
19851111,163,200584,,
19851111,167,200495,,
19851111,171,200448,,
19851111,194,200481,,
19851111,195,200441,,
19851111,214,200705,,
19851111,219,201040,,
19851111,221,200504,,
19851111,232,200469,,
19851111,239,200674,,
19851111,252,200498,,
19851111,267,200545,,
19851111,275,200497,,
19851111,303,200641,,
19851111,309,200542,,
19851118,1,200259,,
19851118,2,200293,,
19851118,3,200503,,
19851118,4,200360,,
19851118,5,200354,,
19851118,6,200414,,
19851118,7,200404,,
19851118,8,200401,,
19851118,9,200377,,
19851118,11,200419,,
19851118,12,200572,,
19851118,18,200442,,
19851118,19,200664,,
19851118,21,200959,,
19851118,27,200392,,
19851118,29,200421,,
19851118,30,200455,,
19851118,35,200362,,
19851118,37,200422,,
19851118,38,200357,,
19851118,40,200416,,
19851118,43,200395,,
19851118,44,200472,,
19851118,47,200725,,
19851118,50,200417,,
19851118,58,200407,,
19851118,61,200630,,
19851118,64,200390,,
19851118,68,200679,,
19851118,77,200450,,
19851118,78,200548,,
19851118,90,200428,,
19851118,93,200597,,
19851118,103,200425,,
19851118,109,200097,,
19851118,116,200640,,
19851118,118,201981,,
19851118,118,200415,,
19851118,119,200501,,
19851118,131,200621,,
19851118,134,200439,,
19851118,149,200510,,
19851118,153,200587,,
19851118,163,200584,,
19851118,167,200495,,
19851118,171,200448,,
19851118,194,200481,,
19851118,195,200441,,
19851118,214,200705,,
19851118,219,201040,,
19851118,221,200504,,
19851118,232,200469,,
19851118,239,200674,,
19851118,252,200498,,
19851118,267,200545,,
19851118,275,200497,,
19851118,303,200641,,
19851118,309,200542,,
19851125,1,200293,,
19851125,2,200259,,
19851125,3,200503,,
19851125,4,200360,,
19851125,5,200354,,
19851125,6,200414,,
19851125,7,200377,,
19851125,8,200404,,
19851125,9,200401,,
19851125,10,200419,,
19851125,11,200572,,
19851125,17,200442,,
19851125,19,200664,,
19851125,20,200959,,
19851125,31,200392,,
19851125,33,200357,,
19851125,34,200455,,
19851125,35,200422,,
19851125,38,200416,,
19851125,42,200421,,
19851125,43,200395,,
19851125,44,200472,,
19851125,47,200725,,
19851125,48,200362,,
19851125,52,200450,,
19851125,57,200417,,
19851125,58,200407,,
19851125,59,200390,,
19851125,62,200630,,
19851125,67,200679,,
19851125,83,200548,,
19851125,92,200428,,
19851125,95,200425,,
19851125,96,200597,,
19851125,108,200415,,
19851125,112,200097,,
19851125,115,200640,,
19851125,118,200501,,
19851125,120,200439,,
19851125,132,200621,,
19851125,147,200510,,
19851125,148,200441,,
19851125,160,200587,,
19851125,162,200584,,
19851125,169,200448,,
19851125,172,200495,,
19851125,200,200481,,
19851125,203,200469,,
19851125,209,200498,,
19851125,217,200705,,
19851125,219,200504,,
19851125,229,201040,,
19851125,240,200674,,
19851125,268,200545,,
19851125,303,200641,,
19851125,308,200497,,
19851125,324,200542,,
19851202,1,200293,,
19851202,2,200259,,
19851202,3,200503,,
19851202,4,200360,,
19851202,5,200354,,
19851202,6,200414,,
19851202,7,200377,,
19851202,8,200404,,
19851202,9,200401,,
19851202,10,200419,,
19851202,11,200572,,
19851202,17,200442,,
19851202,19,200664,,
19851202,20,200959,,
19851202,31,200392,,
19851202,33,200357,,
19851202,34,200455,,
19851202,35,200422,,
19851202,38,200416,,
19851202,42,200421,,
19851202,43,200395,,
19851202,44,200472,,
19851202,47,200725,,
19851202,48,200362,,
19851202,52,200450,,
19851202,57,200417,,
19851202,58,200407,,
19851202,59,200390,,
19851202,62,200630,,
19851202,67,200679,,
19851202,83,200548,,
19851202,92,200428,,
19851202,95,200425,,
19851202,96,200597,,
19851202,108,200415,,
19851202,112,200097,,
19851202,115,200640,,
19851202,118,200501,,
19851202,120,200439,,
19851202,132,200621,,
19851202,147,200510,,
19851202,148,200441,,
19851202,160,200587,,
19851202,162,200584,,
19851202,169,200448,,
19851202,172,200495,,
19851202,200,200481,,
19851202,203,200469,,
19851202,209,200498,,
19851202,217,200705,,
19851202,219,200504,,
19851202,229,201040,,
19851202,240,200674,,
19851202,268,200545,,
19851202,303,200641,,
19851202,308,200497,,
19851202,324,200542,,
19851209,1,200293,,
19851209,2,200259,,
19851209,3,200503,,
19851209,4,200360,,
19851209,5,200354,,
19851209,6,200414,,
19851209,7,200404,,
19851209,8,200401,,
19851209,9,200377,,
19851209,10,200419,,
19851209,11,200572,,
19851209,17,200442,,
19851209,19,200664,,
19851209,20,200959,,
19851209,25,200392,,
19851209,33,200455,,
19851209,35,200416,,
19851209,36,200357,,
19851209,37,200422,,
19851209,39,200395,,
19851209,44,200472,,
19851209,46,200421,,
19851209,47,200362,,
19851209,49,200725,,
19851209,53,200450,,
19851209,55,200417,,
19851209,60,200407,,
19851209,61,200390,,
19851209,63,200630,,
19851209,67,200679,,
19851209,84,200548,,
19851209,93,200428,,
19851209,99,200597,,
19851209,104,200415,,
19851209,111,200097,,
19851209,114,200640,,
19851209,119,200425,,
19851209,120,200501,,
19851209,130,200439,,
19851209,133,200621,,
19851209,143,200469,,
19851209,148,200441,,
19851209,151,200510,,
19851209,163,200587,,
19851209,165,200584,,
19851209,168,200448,,
19851209,172,200495,,
19851209,204,200481,,
19851209,211,200498,,
19851209,215,200504,,
19851209,220,200705,,
19851209,229,201040,,
19851209,246,200674,,
19851209,264,200545,,
19851209,304,200542,,
19851209,305,200641,,
19851209,325,200497,,
19851216,1,200293,,
19851216,2,200259,,
19851216,3,200503,,
19851216,4,200360,,
19851216,5,200354,,
19851216,6,200414,,
19851216,7,200404,,
19851216,8,200401,,
19851216,9,200377,,
19851216,10,200419,,
19851216,11,200572,,
19851216,17,200442,,
19851216,19,200664,,
19851216,20,200959,,
19851216,25,200392,,
19851216,33,200455,,
19851216,35,200416,,
19851216,36,200357,,
19851216,37,200422,,
19851216,39,200395,,
19851216,44,200472,,
19851216,46,200421,,
19851216,47,200362,,
19851216,49,200725,,
19851216,53,200450,,
19851216,55,200417,,
19851216,60,200407,,
19851216,61,200390,,
19851216,63,200630,,
19851216,67,200679,,
19851216,84,200548,,
19851216,93,200428,,
19851216,99,200597,,
19851216,104,200415,,
19851216,111,200097,,
19851216,114,200640,,
19851216,119,200425,,
19851216,120,200501,,
19851216,130,200439,,
19851216,133,200621,,
19851216,143,200469,,
19851216,148,200441,,
19851216,151,200510,,
19851216,163,200587,,
19851216,165,200584,,
19851216,168,200448,,
19851216,172,200495,,
19851216,204,200481,,
19851216,211,200498,,
19851216,215,200504,,
19851216,220,200705,,
19851216,229,201040,,
19851216,246,200674,,
19851216,264,200545,,
19851216,304,200542,,
19851216,305,200641,,
19851216,325,200497,,
19851223,1,200293,,
19851223,2,200259,,
19851223,3,200503,,
19851223,4,200360,,
19851223,5,200354,,
19851223,6,200414,,
19851223,7,200401,,
19851223,8,200404,,
19851223,9,200377,,
19851223,11,200419,,
19851223,12,200572,,
19851223,16,200442,,
19851223,18,200664,,
19851223,22,200959,,
19851223,26,200392,,
19851223,28,200455,,
19851223,32,200416,,
19851223,38,200357,,
19851223,39,200395,,
19851223,42,200422,,
19851223,43,200362,,
19851223,46,200421,,
19851223,48,200472,,
19851223,49,200725,,
19851223,55,200450,,
19851223,61,200390,,
19851223,62,200407,,
19851223,63,200630,,
19851223,64,200417,,
19851223,68,200679,,
19851223,83,200548,,
19851223,93,200428,,
19851223,99,200597,,
19851223,104,200415,,
19851223,106,200441,,
19851223,112,200097,,
19851223,115,200640,,
19851223,121,200425,,
19851223,122,200501,,
19851223,132,200439,,
19851223,135,200621,,
19851223,145,200510,,
19851223,147,200469,,
19851223,164,200587,,
19851223,166,200584,,
19851223,169,200448,,
19851223,172,200495,,
19851223,205,200481,,
19851223,213,200498,,
19851223,216,200504,,
19851223,221,200705,,
19851223,229,201040,,
19851223,248,200674,,
19851223,249,200545,,
19851223,285,200474,,
19851223,297,200573,,
19851223,304,200542,,
19851223,305,200641,,
19851223,324,200497,,
19851230,1,200293,,
19851230,2,200259,,
19851230,3,200503,,
19851230,4,200360,,
19851230,5,200354,,
19851230,6,200414,,
19851230,7,200401,,
19851230,8,200404,,
19851230,9,200377,,
19851230,11,200419,,
19851230,12,200572,,
19851230,16,200442,,
19851230,18,200664,,
19851230,22,200959,,
19851230,26,200392,,
19851230,28,200455,,
19851230,32,200416,,
19851230,38,200357,,
19851230,39,200395,,
19851230,42,200422,,
19851230,43,200362,,
19851230,46,200421,,
19851230,48,200472,,
19851230,49,200725,,
19851230,55,200450,,
19851230,61,200390,,
19851230,62,200407,,
19851230,63,200630,,
19851230,64,200417,,
19851230,68,200679,,
19851230,83,200548,,
19851230,93,200428,,
19851230,99,200597,,
19851230,104,200415,,
19851230,106,200441,,
19851230,112,200097,,
19851230,115,200640,,
19851230,121,200425,,
19851230,122,200501,,
19851230,132,200439,,
19851230,135,200621,,
19851230,145,200510,,
19851230,147,200469,,
19851230,164,200587,,
19851230,166,200584,,
19851230,169,200448,,
19851230,172,200495,,
19851230,205,200481,,
19851230,213,200498,,
19851230,216,200504,,
19851230,221,200705,,
19851230,229,201040,,
19851230,248,200674,,
19851230,249,200545,,
19851230,285,200474,,
19851230,297,200573,,
19851230,304,200542,,
19851230,305,200641,,
19851230,324,200497,,
